{
  "update_preview": {
    "title": "三角符文第四章 p1 攻略",
    "time": "2026-02-17 00:00"
  },
  "videos": [
    {
      "game": "undertale",
      "chapter": "all",
      "video_id": "6931924026151472392",
      "thumbnail": "imgs/undertale0.jpg",
      "title": "废墟",
      "duration": "03:34",
      "date": "2021-02-22 11:25",
      "status": "已发布",
      "tags": [
        "Undertale"
      ],
      "spoiler": false
    },
    {
      "game": "undertale",
      "chapter": "all",
      "video_id": "6980319242474294542",
      "thumbnail": "imgs/undertale1.jpg",
      "title": "雪镇",
      "duration": "06:27",
      "date": "2021-07-02 21:23",
      "status": "已发布",
      "tags": [
        "Undertale"
      ]
    },
    {
      "game": "undertale",
      "chapter": "all",
      "video_id": "6986475838787161357",
      "thumbnail": "imgs/undertale2.jpg",
      "title": "瀑布",
      "duration": "10:20",
      "date": "2021-07-19 11:34",
      "status": "已发布",
      "tags": [
        "Undertale"
      ]
    },
    {
      "game": "undertale",
      "chapter": "all",
      "video_id": "7024810422449424404",
      "thumbnail": "imgs/undertale3.jpg",
      "title": "热域",
      "duration": "12:03",
      "date": "2021-08-24 14:26",
      "status": "异常",
      "error_reason": "视频内容审核未通过",
      "tags": [
        "Undertale"
      ]
    },
    {
      "game": "undertale",
      "chapter": "all",
      "video_id": "7032947727679917349",
      "thumbnail": "imgs/undertale4.jpg",
      "title": "核心+中立线",
      "duration": "08:46",
      "date": "2021-11-21 17:09",
      "status": "已发布",
      "tags": [
        "Undertale"
      ]
    },
    {
      "game": "undertale",
      "chapter": "all",
      "video_id": "7034871585819381029",
      "thumbnail": "imgs/undertale5.jpg",
      "title": "和平线",
      "duration": "10:48",
      "date": "2021-11-26 21:34",
      "status": "已发布",
      "tags": [
        "Undertale"
      ]
    },
    {
      "game": "undertale",
      "chapter": "all",
      "video_id": "7064745954355727646",
      "thumbnail": "imgs/undertale6.jpg",
      "title": "屠杀线",
      "duration": "49:59",
      "date": "2022-02-15 09:43",
      "status": "已发布",
      "tags": [
        "Undertale"
      ],
      "spoiler": true
    },
    {
      "game": "deltarune",
      "chapter": "1",
      "video_id": "7084598170008833317",
      "thumbnail": "imgs/deltarune.jpg",
      "title": "第1章第1集",
      "duration": "11:20",
      "date": "2022-04-09 21:39",
      "status": "已发布",
      "tags": [
        "Deltarune"
      ]
    },
    {
      "game": "deltarune",
      "chapter": "1",
      "video_id": "7087134314483207428",
      "thumbnail": "imgs/deltarune.jpg",
      "title": "第1章第2集",
      "duration": "12:48",
      "date": "2022-04-16 17:41",
      "status": "已发布",
      "tags": [
        "Deltarune"
      ]
    },
    {
      "game": "deltarune",
      "chapter": "1",
      "video_id": "7088562334305668360",
      "thumbnail": "imgs/deltarune.jpg",
      "title": "第1章第3集",
      "duration": "16:19",
      "date": "2022-04-20 14:02",
      "status": "已发布",
      "tags": [
        "Deltarune"
      ]
    },
    {
      "game": "deltarune",
      "chapter": "1",
      "video_id": "7116508751494008071",
      "thumbnail": "imgs/deltarune.jpg",
      "title": "第1章第4集",
      "duration": "16:34",
      "date": "2022-07-04 21:29",
      "status": "已发布",
      "tags": [
        "Deltarune"
      ]
    },
    {
      "game": "deltarune",
      "chapter": "1",
      "video_id": "7142865116516666654",
      "thumbnail": "imgs/deltarune.jpg",
      "title": "第1章第5集",
      "duration": "8:41",
      "date": "2022-09-13 22:04",
      "status": "已发布",
      "tags": [
        "Deltarune"
      ]
    },
    {
      "game": "deltarune",
      "chapter": "1",
      "video_id": "7147316834482539808",
      "thumbnail": "imgs/deltarune.jpg",
      "title": "第1章第6集",
      "duration": "19:01",
      "date": "2022-09-25 22:00",
      "status": "已发布",
      "tags": [
        "Deltarune"
      ]
    },
    {
      "game": "deltarune",
      "chapter": "2",
      "video_id": "7151769750987672836",
      "thumbnail": "imgs/deltarune2.jpg",
      "title": "第2章第1集",
      "duration": "8:46",
      "date": "2022-10-07 22:00",
      "status": "已发布",
      "tags": [
        "Deltarune"
      ]
    },
    {
      "game": "deltarune",
      "chapter": "2",
      "video_id": "7190733884311506237",
      "thumbnail": "imgs/deltarune2.jpg",
      "title": "第2章第2集",
      "duration": "8:51",
      "date": "2023-01-20 22:00",
      "status": "已发布",
      "tags": [
        "Deltarune"
      ]
    },
    {
      "game": "deltarune",
      "chapter": "2",
      "video_id": "7200382083129183545",
      "thumbnail": "imgs/deltarune2.jpg",
      "title": "第2章第3集",
      "duration": "10:05",
      "date": "2023-02-15 22:00",
      "status": "已发布",
      "tags": [
        "Deltarune"
      ]
    },
    {
      "game": "deltarune",
      "chapter": "2",
      "video_id": "7204835170627767609",
      "thumbnail": "imgs/deltarune2.jpg",
      "title": "第2章第4集",
      "duration": "13:12",
      "date": "2023-02-27 22:00",
      "status": "已发布",
      "tags": [
        "Deltarune"
      ]
    },
    {
      "game": "deltarune",
      "chapter": "2",
      "video_id": "210401394405182757",
      "thumbnail": "imgs/deltarune2.jpg",
      "title": "第2章第5集",
      "duration": "11:16",
      "date": "2023-03-14 22:00",
      "status": "已发布",
      "tags": [
        "Deltarune"
      ]
    },
    {
      "game": "deltarune",
      "chapter": "2",
      "video_id": "7215225443807431974",
      "thumbnail": "imgs/deltarune2.jpg",
      "title": "第2章第6集",
      "duration": "10:27",
      "date": "2023-03-27 22:00",
      "status": "已发布",
      "tags": [
        "Deltarune"
      ]
    },
    {
      "game": "deltarune",
      "chapter": "2",
      "video_id": "7220420682293742908",
      "thumbnail": "imgs/deltarune2.jpg",
      "title": "第2章第7集",
      "duration": "7:29",
      "date": "2023-04-10 22:00",
      "status": "已发布",
      "tags": [
        "Deltarune"
      ]
    },
    {
      "game": "deltarune",
      "chapter": "2",
      "video_id": "7228213414261214520",
      "thumbnail": "imgs/deltarune2.jpg",
      "title": "第2章第8集",
      "duration": "7:34",
      "date": "2023-05-01 22:00",
      "status": "已发布",
      "tags": [
        "Deltarune"
      ]
    },
    {
      "game": "deltarune",
      "chapter": "2",
      "video_id": "7233408664390880572",
      "thumbnail": "imgs/deltarune2.jpg",
      "title": "第2章第9集",
      "duration": "11:15",
      "date": "2023-05-15 22:00",
      "status": "已发布",
      "tags": [
        "Deltarune"
      ]
    },
    {
      "game": "deltarune",
      "chapter": "2",
      "video_id": "7241201488100330807",
      "thumbnail": "imgs/deltarune2.jpg",
      "title": "第2章第10集",
      "duration": "11:15",
      "date": "2023-06-05 22:00",
      "status": "已发布",
      "tags": [
        "Deltarune"
      ]
    },
    {
      "game": "deltarune",
      "chapter": "2",
      "video_id": "7261982281408023869",
      "thumbnail": "imgs/deltarune2.jpg",
      "title": "第2章第11集",
      "duration": "14:46",
      "date": "2023-07-31 22:00",
      "status": "已发布",
      "tags": [
        "Deltarune"
      ]
    },
    {
      "game": "deltarune",
      "chapter": "2",
      "video_id": "7270483257785961769",
      "thumbnail": "imgs/deltarune2.jpg",
      "title": "第2章第12集",
      "duration": "12:03",
      "date": "2023-08-23 22:00",
      "status": "已发布",
      "tags": [
        "Deltarune"
      ]
    },
    {
      "game": "deltarune",
      "chapter": "2",
      "video_id": "7276737365710785851",
      "thumbnail": "imgs/deltarune2.jpg",
      "title": "第2章第13集",
      "duration": "9:30",
      "date": "2023-09-11 22:00",
      "status": "已发布",
      "tags": [
        "Deltarune"
      ]
    },
    {
      "game": "deltarune",
      "chapter": "2",
      "video_id": "7282763015366249740",
      "thumbnail": "imgs/deltarune2.jpg",
      "title": "第2章第14集",
      "duration": "16:15",
      "date": "2023-09-25 22:00",
      "status": "已发布",
      "tags": [
        "Deltarune"
      ]
    },
    {
      "game": "deltarune",
      "chapter": "2",
      "video_id": "7293153434906283303",
      "thumbnail": "imgs/deltarune2.jpg",
      "title": "第2章第15集",
      "duration": "14:22",
      "date": "2023-10-23 22:00",
      "status": "已发布",
      "tags": [
        "Deltarune"
      ]
    },
    {
      "game": "deltarune",
      "chapter": "2",
      "video_id": "7318789082652364082",
      "thumbnail": "imgs/deltarune2.jpg",
      "title": "第2章冰封线第1集",
      "duration": "9:28",
      "date": "2024-01-01 00:00",
      "status": "已发布",
      "tags": [
        "Deltarune",
        "冰封线"
      ]
    },
    {
      "game": "deltarune",
      "chapter": "2",
      "video_id": "7329519728119024907",
      "thumbnail": "imgs/deltarune2.jpg",
      "title": "第2章冰封线第2集",
      "duration": "9:51",
      "date": "2024-01-29 22:00",
      "status": "已发布",
      "tags": [
        "Deltarune",
        "冰封线"
      ]
    },
    {
      "game": "deltarune",
      "chapter": "2",
      "video_id": "7342507764947717426",
      "thumbnail": "imgs/deltarune2.jpg",
      "title": "第2章冰封线第3集",
      "duration": "14:30",
      "date": "2024-03-04 22:00",
      "status": "已发布",
      "tags": [
        "Deltarune",
        "冰封线"
      ]
    },
    {
      "game": "deltarune",
      "chapter": "2",
      "video_id": "7358093166630800650",
      "thumbnail": "imgs/deltarune2.jpg",
      "title": "第2章冰封线第4集",
      "duration": "7:57",
      "date": "2024-04-15 21:59",
      "status": "已发布",
      "tags": [
        "Deltarune",
        "冰封线"
      ]
    },
    {
      "game": "deltarune",
      "chapter": "3",
      "video_id": "7520956914348346662",
      "thumbnail": "imgs/deltarune3.jpg",
      "title": "第3章第1集",
      "duration": "28:33",
      "date": "2025-06-30 22:00",
      "status": "已发布",
      "tags": [
        "Deltarune"
      ]
    },
    {
      "game": "deltarune",
      "chapter": "3",
      "video_id": "7525764175956692258",
      "thumbnail": "imgs/deltarune3.jpg",
      "title": "第3章第2集",
      "duration": "10:50",
      "date": "2025-07-14 22:00",
      "status": "已发布",
      "tags": [
        "Deltarune"
      ]
    },
    {
      "game": "deltarune",
      "chapter": "3",
      "video_id": "7529408330104671540",
      "thumbnail": "imgs/deltarune3.jpg",
      "title": "第3章第3集",
      "duration": "23:08",
      "date": "2025-07-21 22:00",
      "status": "已发布",
      "tags": [
        "Deltarune"
      ]
    },
    {
      "game": "deltarune",
      "chapter": "3",
      "video_id": "7531766336058314036",
      "thumbnail": "imgs/deltarune3.jpg",
      "title": "第3章第4集",
      "duration": "16:59",
      "date": "2025-07-28 22:00",
      "status": "已发布",
      "tags": [
        "Deltarune"
      ]
    },
    {
      "game": "deltarune",
      "chapter": "3",
      "video_id": "7534685131362143551",
      "thumbnail": "imgs/deltarune3.jpg",
      "title": "第3章第5集",
      "duration": "26:17",
      "date": "2025-08-04 22:00",
      "status": "已发布",
      "tags": [
        "Deltarune"
      ]
    },
    {
      "game": "deltarune",
      "chapter": "3",
      "video_id": "7537285780528467242",
      "thumbnail": "imgs/deltarune3.jpg",
      "title": "第3章第6集",
      "duration": "29:08",
      "date": "2025-08-11 22:00",
      "status": "已发布",
      "tags": [
        "Deltarune"
      ]
    },
    {
      "game": "deltarune",
      "chapter": "analysis",
      "video_id": "7376276316502412607",
      "thumbnail": "imgs/deltarune-analysis.jpg",
      "title": "剧情分析",
      "duration": "6:36",
      "date": "2024-06-03 22:00",
      "status": "已发布",
      "tags": [
        "Deltarune"
      ],
      "spoiler": true
    }
  ],
  "notifications": [
    {
      "id": 1,
      "title": "恢复更新",
      "content": "更新已恢复！下次更新将在春节！",
      "type": "info",
      "date": "2025-01-06"
    }
  ],
  "last_updated": "2026-01-07"
}
